{"properties":{"connectionReferences":{"shared_commondataserviceforapps":{"impersonation":{},"runtimeSource":"embedded","connection":{},"api":{"name":"shared_commondataserviceforapps"}},"shared_commondataservice":{"runtimeSource":"embedded","connection":{},"api":{"name":"shared_commondataservice"}},"shared_flowpush":{"runtimeSource":"embedded","connection":{},"api":{"name":"shared_flowpush"}},"shared_powerbi":{"runtimeSource":"embedded","connection":{},"api":{"name":"shared_powerbi"}}},"definition":{"$schema":"https://schema.management.azure.com/providers/Microsoft.Logic/schemas/2016-06-01/workflowdefinition.json#","contentVersion":"1.0.0.0","parameters":{"$connections":{"defaultValue":{},"type":"Object"},"$authentication":{"defaultValue":{},"type":"SecureObject"}},"triggers":{"When_a_spill_is_recorded":{"type":"OpenApiConnectionWebhook","inputs":{"host":{"apiId":"/providers/Microsoft.PowerApps/apis/shared_commondataserviceforapps","connectionName":"shared_commondataserviceforapps","operationId":"SubscribeWebhookTrigger"},"parameters":{"subscriptionRequest/message":1,"subscriptionRequest/entityname":"cr8eb_spills","subscriptionRequest/scope":4,"subscriptionRequest/name":"3f2751eb-d515-ea11-a811-000d3a2d5883"},"authentication":"@parameters('$authentication')"}}},"actions":{"Initialize_number_of_capsules":{"runAfter":{"Get_spill_data":["Succeeded"]},"type":"InitializeVariable","inputs":{"variables":[{"name":"NumberOfCapsules","type":"Integer","value":0}]}},"Detect_capsules":{"runAfter":{"Initialize_capsule_name":["Succeeded"]},"type":"OpenApiConnection","inputs":{"host":{"apiId":"/providers/Microsoft.PowerApps/apis/shared_commondataserviceforapps","connectionName":"shared_commondataserviceforapps","operationId":"Predict"},"parameters":{"modelId":"a0dc5f01-81e3-e911-a974-000d3a4648ef","item/request":"{\n    \"base64Encoded\": \"@{string(outputs('Get_spill_data')?['body/entityimage'])}\",\n    \"mimeType\": \"image/jpeg\"\n}"},"authentication":"@parameters('$authentication')"}},"Parse_detection_result":{"runAfter":{"Detect_capsules":["Succeeded"]},"type":"ParseJson","inputs":{"content":"@outputs('Detect_capsules')?['body/response']","schema":{"type":"object","properties":{"predictionOutput":{"type":"object","properties":{"results":{"type":"array","items":{"type":"object","properties":{"tagId":{"type":"string"},"boundingBox":{"type":"object","properties":{"left":{"type":"number"},"top":{"type":"number"},"width":{"type":"number"},"height":{"type":"number"}}},"confidence":{"type":"number"}},"required":["tagId","boundingBox","confidence"]}}}},"operationStatus":{"type":"string"},"error":{}}}}},"Collect_detected_capsule_data":{"foreach":"@body('Parse_detection_result')?['predictionOutput']?['results']","actions":{"Get_detected_capsules":{"runAfter":{},"type":"OpenApiConnection","inputs":{"host":{"apiId":"/providers/Microsoft.PowerApps/apis/shared_commondataservice","connectionName":"shared_commondataservice","operationId":"GetItem_V2"},"parameters":{"dataset":"default.cds","table":"msdyn_aiodlabels","id":"@items('Collect_detected_capsule_data')?['tagId']"},"authentication":"@parameters('$authentication')"}},"Increment_number_of_capsules":{"runAfter":{"Set_variable":["Succeeded"]},"type":"IncrementVariable","inputs":{"name":"NumberOfCapsules","value":1}},"Set_variable":{"runAfter":{"Get_detected_capsules":["Succeeded"]},"type":"SetVariable","inputs":{"name":"CapsuleName","value":"@outputs('Get_detected_capsules')?['body/msdyn_labelstring']"}}},"runAfter":{"Parse_detection_result":["Succeeded"]},"type":"Foreach"},"Get_spill_data":{"runAfter":{},"type":"OpenApiConnection","inputs":{"host":{"apiId":"/providers/Microsoft.PowerApps/apis/shared_commondataservice","connectionName":"shared_commondataservice","operationId":"GetItem_V2"},"parameters":{"dataset":"default.cds","table":"cr8eb_spillses","id":"@triggerOutputs()?['body/cr8eb_spillsid']"},"authentication":"@parameters('$authentication')"}},"Initialize_capsule_name":{"runAfter":{"Initialize_number_of_capsules":["Succeeded"]},"type":"InitializeVariable","inputs":{"variables":[{"name":"CapsuleName","type":"String"}]}},"Condition":{"actions":{"Delete_spill_without_capsule":{"runAfter":{},"type":"OpenApiConnection","inputs":{"host":{"apiId":"/providers/Microsoft.PowerApps/apis/shared_commondataservice","connectionName":"shared_commondataservice","operationId":"DeleteItem"},"parameters":{"dataset":"default.cds","table":"cr8eb_spillses","id":"@outputs('Get_spill_data')?['body/cr8eb_spillsid']"},"authentication":"@parameters('$authentication')"}}},"runAfter":{"Collect_detected_capsule_data":["Succeeded"]},"else":{"actions":{"Update_a_record":{"runAfter":{},"type":"OpenApiConnection","inputs":{"host":{"apiId":"/providers/Microsoft.PowerApps/apis/shared_commondataservice","connectionName":"shared_commondataservice","operationId":"PatchItem_V2"},"parameters":{"dataset":"org7bdf4eff.crm4","table":"cr8eb_spillses","id":"@triggerOutputs()?['body/cr8eb_spillsid']","item/cr8eb_capsulename":"@variables('CapsuleName')","item/cr8eb_spillamount":"@variables('NumberOfCapsules')","item/_ownerid_type":""},"authentication":"@parameters('$authentication')"}},"Send_me_a_mobile_notification":{"runAfter":{"Update_a_record":["Succeeded"]},"type":"OpenApiConnection","inputs":{"host":{"apiId":"/providers/Microsoft.PowerApps/apis/shared_flowpush","connectionName":"shared_flowpush","operationId":"SendNotification"},"parameters":{"NotificationDefinition/notificationText":"Spill in production line 1 - @{variables('NumberOfCapsules')}x@{variables('CapsuleName')}","NotificationDefinition/notificationLink/uri":"https://andreasaschauer1.crm4.dynamics.com/main.aspx?cmdbar=true&navbar=off&newWindow=true&pagetype=entityrecord&etn=cr8eb_spills&id=@{outputs('Update_a_record')?['body/cr8eb_spillsid']}","NotificationDefinition/notificationLink/label":"Spill detail data"},"authentication":"@parameters('$authentication')"}},"Add_spill_to_reporting":{"runAfter":{"Send_me_a_mobile_notification":["Succeeded"]},"type":"OpenApiConnection","inputs":{"host":{"apiId":"/providers/Microsoft.PowerApps/apis/shared_powerbi","connectionName":"shared_powerbi","operationId":"AddRows"},"parameters":{"groupid":"myworkspace","datasetid":"b7957cf5-614c-4562-bc39-3dc7a9935b16","tablename":"RealTimeData","Payload/SpilledAmount":"@variables('NumberOfCapsules')","Payload/RecycleAmount":"0","Payload/ReportedDate":"@outputs('Get_spill_data')?['body/cr8eb_reporteddate']"},"authentication":"@parameters('$authentication')"}}}},"expression":{"equals":["@variables('NumberOfCapsules')",0]},"type":"If"}},"outputs":{}}},"schemaVersion":"1.0.0.0"}