<ImportExportXml xmlns:xsi="http://www.w3.org/2001/XMLSchema-instance">
  <Entities></Entities>
  <Roles></Roles>
  <Workflows>
    <Workflow WorkflowId="{f802924f-5305-ea11-a811-000d3a2d5883}" Name="Smart Fair - Create call and card from booth checkin">
      <JsonFileName>/Workflows/SmartFair-Createcallandcardfromboothcheckin-F802924F-5305-EA11-A811-000D3A2D5883.json</JsonFileName>
      <Type>1</Type>
      <Subprocess>0</Subprocess>
      <Category>5</Category>
      <Mode>0</Mode>
      <Scope>4</Scope>
      <OnDemand>0</OnDemand>
      <TriggerOnCreate>0</TriggerOnCreate>
      <TriggerOnDelete>0</TriggerOnDelete>
      <AsyncAutodelete>0</AsyncAutodelete>
      <SyncWorkflowLogOnFailure>0</SyncWorkflowLogOnFailure>
      <StateCode>1</StateCode>
      <StatusCode>2</StatusCode>
      <RunAs>1</RunAs>
      <IsTransacted>1</IsTransacted>
      <IntroducedVersion>1.0</IntroducedVersion>
      <IsCustomizable>1</IsCustomizable>
      <BusinessProcessType>0</BusinessProcessType>
      <PrimaryEntity>none</PrimaryEntity>
      <LocalizedNames>
        <LocalizedName languagecode="1033" description="Smart Fair - Create call and card from booth checkin" />
      </LocalizedNames>
    </Workflow>
  </Workflows>
  <FieldSecurityProfiles></FieldSecurityProfiles>
  <Templates />
  <EntityMaps />
  <EntityRelationships />
  <OrganizationSettings />
  <optionsets />
  <CustomControls />
  <EntityDataProviders />
  <CanvasApps>
    <CanvasApp>
      <Name>new_bwthausbaumesseregistrierung_bb4c4</Name>
      <AppVersion>2020-03-18T09:02:06Z</AppVersion>
      <Status>Ready</Status>
      <CreatedByClientVersion>3.20023.4.0</CreatedByClientVersion>
      <MinClientVersion>3.20023.4.0</MinClientVersion>
      <Tags>{"primaryDeviceWidth":"1366","primaryDeviceHeight":"768","sienaVersion":"51785810-ee68-4df0-bdfc-84c5bb0f0d36","deviceCapabilities":"webcam","supportsPortrait":"false","supportsLandscape":"true","primaryFormFactor":"Tablet","publisherVersion":"3.20023.4","minimumRequiredApiVersion":"2.2.0","hasComponent":"false","hasNonOOBComponent":"false","hasUnlockedComponent":"false"}</Tags>
      <IsCdsUpgraded>0</IsCdsUpgraded>
      <GalleryItemId xsi:nil="true"></GalleryItemId>
      <BackgroundColor>rgba(253, 193, 2, 1)</BackgroundColor>
      <DisplayName>Smart Fair</DisplayName>
      <Description xsi:nil="true"></Description>
      <CommitMessage xsi:nil="true"></CommitMessage>
      <Publisher></Publisher>
      <AuthorizationReferences xsi:nil="true"></AuthorizationReferences>
      <ConnectionReferences>{"ba556023-a14a-4657-84fb-e82418db9d4c":{"id":"/providers/microsoft.powerapps/apis/shared_logicflows","displayName":"Logic flows","iconUri":"https://resourcestackdeploy.blob.core.windows.net/scripts/13276078.png","dataSources":["Createcallfromboothcheckin"],"dependencies":["7ea923f7-5214-45ea-b320-dc3b953825b4"],"dependents":[],"parameterHints":{"workflowName":{"value":"aa07dfc2-0cb6-4453-bb12-5260bca61b38"},"7ea923f7-5214-45ea-b320-dc3b953825b4":{"value":"shared_commondataservice"}},"isOnPremiseConnection":false,"bypassConsent":false,"dataSets":{},"apiTier":"Standard"},"7ea923f7-5214-45ea-b320-dc3b953825b4":{"id":"/providers/microsoft.powerapps/apis/shared_commondataservice","displayName":"Common Data Service","iconUri":"https://connectoricons-prod.azureedge.net/commondataservice/icon_1.0.1320.1929.png","dataSources":[],"dependencies":[],"dependents":["ba556023-a14a-4657-84fb-e82418db9d4c"],"parameterHints":{},"isOnPremiseConnection":false,"bypassConsent":false,"dataSets":{},"apiTier":"Premium"}}</ConnectionReferences>
      <DatabaseReferences>{"default.cds":{"databaseDetails":{"referenceType":"Environmental","environmentName":"default.cds"},"dataSources":{"Products":{"entitySetName":"products","logicalName":"product"},"Event Registrations":{"entitySetName":"msevtmgt_eventregistrations","logicalName":"msevtmgt_eventregistration"},"Contacts":{"entitySetName":"contacts","logicalName":"contact"},"Check-ins":{"entitySetName":"msevtmgt_checkins","logicalName":"msevtmgt_checkin"}}}}</DatabaseReferences>
      <BypassConsent>0</BypassConsent>
      <AdminControlBypassConsent>0</AdminControlBypassConsent>
      <EmbeddedApp xsi:nil="true"></EmbeddedApp>
      <IntroducedVersion>1.0</IntroducedVersion>
      <CdsDependencies>{"cdsdependencies":[{"logicalname":"product","componenttype":1},{"logicalname":"msevtmgt_eventregistration","componenttype":1},{"logicalname":"contact","componenttype":1},{"logicalname":"msevtmgt_checkin","componenttype":1}]}</CdsDependencies>
      <BackgroundImageUri>/CanvasApps/new_bwthausbaumesseregistrierung_bb4c4_BackgroundImageUri</BackgroundImageUri>
      <DocumentUri>/CanvasApps/new_bwthausbaumesseregistrierung_bb4c4_DocumentUri.msapp</DocumentUri>
    </CanvasApp>
  </CanvasApps>
  <Languages>
    <Language>1033</Language>
  </Languages>
</ImportExportXml>