{"properties":{"connectionReferences":{"shared_commondataservice":{"runtimeSource":"invoker","connection":{},"api":{"name":"shared_commondataservice"}}},"definition":{"$schema":"https://schema.management.azure.com/providers/Microsoft.Logic/schemas/2016-06-01/workflowdefinition.json#","contentVersion":"1.0.0.0","parameters":{"$connections":{"defaultValue":{},"type":"Object"},"$authentication":{"defaultValue":{},"type":"SecureObject"}},"triggers":{"manual":{"type":"Request","kind":"PowerApp","inputs":{"schema":{"type":"object","properties":{"Getcontact_Itemidentifier":{"type":"string","description":"Identifier for the record","x-ms-powerflows-param-ispartial":false},"Createanewrecord_Due":{"type":"string","format":"date-time","description":"Enter the expected due date and time.","x-ms-powerflows-param-ispartial":false}},"required":["Getcontact_Itemidentifier","Createanewrecord_Due"]}}}},"actions":{"Try":{"actions":{"Get_due_date":{"runAfter":{},"type":"Expression","kind":"AddToTime","inputs":{"baseTime":"@{utcNow()}","interval":5,"timeUnit":"Day"}},"Get_contact":{"runAfter":{"Get_due_date":["Succeeded"]},"type":"OpenApiConnection","inputs":{"host":{"connectionName":"shared_commondataservice","operationId":"GetItem_V2","apiId":"/providers/Microsoft.PowerApps/apis/shared_commondataservice"},"parameters":{"dataset":"org7bdf4eff.crm4","table":"contacts","id":"@triggerBody()['Getcontact_Itemidentifier']"},"authentication":{"type":"Raw","value":"@json(decodeBase64(triggerOutputs().headers['X-MS-APIM-Tokens']))['$ConnectionKey']"}}},"Create_phone_call":{"runAfter":{"Get_contact":["Succeeded"]},"type":"OpenApiConnection","inputs":{"host":{"connectionName":"shared_commondataservice","operationId":"PostItem_V2","apiId":"/providers/Microsoft.PowerApps/apis/shared_commondataservice"},"parameters":{"dataset":"org7bdf4eff.crm4","table":"phonecalls","item/subject":"e-world 2020 Follow up - with @{outputs('Get_contact')?['body/fullname']}","item/description":"e-world 2020 Follow up - with @{outputs('Get_contact')?['body/fullname']}","item/directioncode":true,"item/scheduledend":"@triggerBody()['Createanewrecord_Due']","item/phonenumber":"@outputs('Get_contact')?['body/mobilephone']","item/_ownerid_value":"c03d18f4-b4e0-e911-a987-000d3a4642ca","item/_ownerid_type":"systemusers","item/_regardingobjectid_value":"@outputs('Get_contact')?['body/contactid']","item/_regardingobjectid_type":"contacts","item/isbilled":false,"item/isworkflowcreated":false,"item/leftvoicemail":false},"authentication":{"type":"Raw","value":"@json(decodeBase64(triggerOutputs().headers['X-MS-APIM-Tokens']))['$ConnectionKey']"}}}},"runAfter":{},"type":"Scope"},"Catch":{"actions":{},"runAfter":{"Try":["Succeeded"]},"type":"Scope"}},"outputs":{}}},"schemaVersion":"1.0.0.0"}